01.01.2018,8,45,8,53,8,70,7,80,642,51K,-0,94%
02.01.2018,8,72,8,45,9,11,8,09,1,23M,3,20%
03.01.2018,9,30,8,72,9,47,8,27,926,41K,6,65%
04.01.2018,9,14,9,30,9,46,8,56,918,41K,-1,72%
05.01.2018,14,88,9,14,16,82,8,97,2,60M,62,80%
06.01.2018,22,60,14,89,23,60,14,70,2,66M,51,88%
07.01.2018,18,59,22,60,22,66,18,05,1,38M,-17,74%
08.01.2018,18,00,18,59,19,30,14,00,2,00M,-3,17%
09.01.2018,17,40,18,00,20,61,16,43,1,26M,-3,33%
10.01.2018,17,48,17,40,17,56,14,60,1,13M,0,46%
11.01.2018,21,33,17,50,23,00,13,90,3,54M,22,04%
12.01.2018,22,05,20,72,24,64,19,28,2,92M,3,38%
13.01.2018,22,09,22,37,23,50,21,10,1,08M,0,17%
14.01.2018,20,45,22,10,22,10,18,27,1,38M,-7,41%
15.01.2018,19,44,20,42,23,23,19,05,2,29M,-4,96%
16.01.2018,13,00,19,44,19,44,10,00,9,93M,-33,12%
17.01.2018,14,10,13,01,15,66,9,40,9,97M,8,50%
18.01.2018,14,14,14,30,15,90,13,10,6,70M,0,25%
19.01.2018,14,93,14,02,15,48,13,50,3,00M,5,59%
20.01.2018,16,11,14,95,16,65,14,82,2,62M,7,88%
21.01.2018,14,13,16,20,16,26,13,05,3,32M,-12,24%
22.01.2018,12,90,14,16,14,48,11,66,2,88M,-8,73%
23.01.2018,13,10,12,90,13,88,11,64,2,34M,1,57%
24.01.2018,13,77,13,10,14,29,12,60,1,95M,5,07%
25.01.2018,13,19,13,80,14,15,13,01,1,43M,-4,18%
26.01.2018,13,17,13,19,13,60,12,01,1,79M,-0,16%
27.01.2018,13,40,13,13,13,55,12,85,992,88K,1,75%
28.01.2018,13,77,13,40,14,01,13,30,1,38M,2,79%
29.01.2018,12,81,13,77,13,87,12,74,857,95K,-6,96%
30.01.2018,11,47,12,81,12,84,11,11,1,32M,-10,46%
31.01.2018,11,31,11,47,11,50,10,55,947,12K,-1,41%
01.02.2018,9,51,11,31,11,45,8,66,2,17M,-15,90%
02.02.2018,9,75,9,51,10,70,7,31,4,02M,2,47%
03.02.2018,9,75,9,75,10,32,8,58,2,35M,0,00%
04.02.2018,8,40,9,73,9,75,8,04,2,02M,-13,87%
05.02.2018,6,70,8,40,8,56,6,08,3,13M,-20,25%
06.02.2018,8,25,6,73,8,60,5,52,6,16M,23,07%
07.02.2018,8,11,8,26,9,23,7,32,4,41M,-1,66%
08.02.2018,8,28,8,11,8,38,8,04,4,41M,2,11%
09.02.2018,8,28,8,28,8,28,8,28,-,0,00%
10.02.2018,9,24,9,86,10,35,8,77,3,35M,11,60%
11.02.2018,8,67,9,24,9,39,8,03,3,02M,-6,17%
12.02.2018,9,34,8,67,9,43,8,67,1,91M,7,73%
13.02.2018,8,99,9,34,9,35,8,74,1,37M,-3,70%
14.02.2018,10,36,9,02,10,65,8,96,2,57M,15,18%
15.02.2018,10,87,10,38,11,29,10,05,4,24M,4,89%
16.02.2018,11,20,10,87,11,20,10,30,1,96M,3,07%
17.02.2018,11,66,11,20,11,85,10,90,2,29M,4,14%
18.02.2018,10,64,11,68,11,68,10,58,2,18M,-8,75%
19.02.2018,11,06,10,64,11,19,10,54,1,34M,3,92%
20.02.2018,9,89,11,06,11,20,9,70,2,36M,-10,58%
21.02.2018,9,37,9,89,10,20,9,05,2,28M,-5,26%
22.02.2018,8,86,9,40,9,80,8,63,1,79M,-5,44%
23.02.2018,9,70,8,86,9,73,8,62,1,62M,9,48%
24.02.2018,9,09,9,69,9,84,8,70,1,36M,-6,32%
25.02.2018,9,34,9,09,9,47,8,90,885,07K,2,78%
26.02.2018,9,92,9,34,10,10,9,09,1,27M,6,21%
27.02.2018,10,56,9,92,11,11,9,79,2,38M,6,50%
28.02.2018,10,46,10,56,11,17,10,35,1,61M,-1,02%
01.03.2018,10,50,10,46,10,68,10,33,1,23M,0,38%
02.03.2018,10,23,10,50,10,56,10,11,710,33K,-2,52%
03.03.2018,10,24,10,23,10,46,10,12,635,35K,0,07%
04.03.2018,10,39,10,24,10,40,9,86,592,20K,1,51%
05.03.2018,10,09,10,39,10,45,10,09,470,75K,-2,91%
06.03.2018,9,39,10,09,10,13,9,11,940,57K,-6,98%
07.03.2018,9,01,9,39,10,21,8,13,2,93M,-4,01%
08.03.2018,8,26,9,01,9,14,8,02,1,88M,-8,39%
09.03.2018,8,33,8,26,8,33,7,07,1,95M,0,85%
10.03.2018,7,65,8,28,8,34,7,57,2,21M,-8,12%
11.03.2018,8,27,7,65,8,42,7,33,2,66M,8,06%
12.03.2018,8,03,8,25,8,50,7,68,2,53M,-2,88%
13.03.2018,10,15,8,03,10,97,7,83,7,22M,26,46%
14.03.2018,8,91,10,15,10,67,8,50,5,16M,-12,20%
15.03.2018,9,12,8,91,9,42,8,31,4,27M,2,31%
16.03.2018,9,08,9,12,9,38,8,56,4,04M,-0,44%
17.03.2018,8,94,9,08,9,47,8,64,3,96M,-1,54%
18.03.2018,8,94,8,92,8,98,7,80,3,95M,0,00%
19.03.2018,9,01,8,94,9,30,8,45,3,91M,0,75%
20.03.2018,9,18,9,03,9,26,8,60,3,93M,1,93%
21.03.2018,9,94,9,18,10,33,9,06,4,96M,8,28%
22.03.2018,10,07,9,97,10,93,9,49,4,70M,1,32%
23.03.2018,11,79,10,07,11,97,9,50,5,52M,17,04%
24.03.2018,13,17,11,75,14,93,11,54,8,44M,11,75%
25.03.2018,12,97,13,17,14,25,12,49,6,18M,-1,54%
26.03.2018,11,97,12,97,13,01,10,82,5,49M,-7,70%
27.03.2018,11,50,11,97,12,22,10,83,4,08M,-3,98%
28.03.2018,11,67,11,53,12,23,11,32,3,22M,1,48%
29.03.2018,10,19,11,67,11,75,10,12,3,60M,-12,69%
30.03.2018,10,37,10,19,10,85,9,71,3,79M,1,86%
31.03.2018,11,04,10,42,11,47,10,25,4,18M,6,46%
01.04.2018,11,10,11,05,11,31,10,32,4,10M,0,50%
02.04.2018,12,60,11,11,12,66,10,98,4,51M,13,51%
03.04.2018,13,31,12,60,13,96,12,22,5,15M,5,60%
04.04.2018,12,21,13,31,13,45,12,00,5,11M,-8,23%
05.04.2018,12,49,12,21,12,64,12,10,4,29M,2,28%
06.04.2018,12,26,12,49,12,65,12,01,3,15M,-1,84%
07.04.2018,12,50,12,26,12,65,12,22,3,26M,1,97%
08.04.2018,12,12,12,50,12,52,12,11,3,09M,-3,00%
09.04.2018,11,88,12,12,12,55,11,52,3,01M,-1,99%
10.04.2018,12,08,11,89,12,43,11,81,3,45M,1,69%
11.04.2018,12,30,12,08,12,30,11,77,3,39M,1,79%
12.04.2018,12,97,12,30,13,02,11,85,4,90M,5,46%
13.04.2018,13,49,12,97,13,80,12,72,5,34M,4,03%
14.04.2018,13,27,13,52,13,88,12,93,3,52M,-1,69%
15.04.2018,13,10,13,27,13,62,12,90,3,85M,-1,25%
16.04.2018,12,23,13,10,13,10,12,01,2,71M,-6,63%
17.04.2018,11,74,12,23,12,48,11,67,2,44M,-3,96%
18.04.2018,12,30,11,74,12,44,11,51,2,74M,4,68%
19.04.2018,12,35,12,30,12,43,12,05,2,40M,0,45%
20.04.2018,12,57,12,35,12,72,11,89,2,74M,1,81%
21.04.2018,13,35,12,57,13,74,12,39,4,56M,6,15%
22.04.2018,12,87,13,35,13,40,12,80,2,56M,-3,55%
23.04.2018,13,64,12,87,13,86,12,82,4,45M,5,98%
24.04.2018,15,12,13,64,15,67,13,62,4,77M,10,84%
25.04.2018,13,36,15,12,15,90,12,95,5,20M,-11,63%
26.04.2018,14,63,13,36,14,74,13,20,4,22M,9,49%
27.04.2018,14,29,14,63,14,78,14,13,2,89M,-2,30%
28.04.2018,15,20,14,29,15,36,14,18,3,78M,6,31%
29.04.2018,15,07,15,20,15,43,14,53,2,83M,-0,80%
30.04.2018,14,32,15,05,15,15,14,05,2,06M,-5,02%
01.05.2018,14,16,14,32,14,33,13,50,1,99M,-1,13%
02.05.2018,14,43,14,17,14,44,13,90,2,10M,1,89%
03.05.2018,14,64,14,43,14,84,14,19,2,50M,1,49%
04.05.2018,14,35,14,64,14,73,14,25,1,88M,-1,98%
05.05.2018,14,43,14,36,14,57,14,21,1,88M,0,58%
06.05.2018,14,01,14,44,14,94,13,64,2,10M,-2,92%
07.05.2018,13,78,14,01,14,05,12,93,1,53M,-1,66%
08.05.2018,13,50,13,77,13,82,13,10,1,44M,-2,04%
09.05.2018,14,65,13,50,14,80,13,03,2,60M,8,50%
10.05.2018,13,78,14,65,15,04,13,75,1,66M,-5,94%
11.05.2018,12,94,13,79,14,13,12,53,1,57M,-6,06%
12.05.2018,12,93,12,98,13,18,12,15,1,28M,-0,05%
13.05.2018,13,15,13,03,13,57,12,65,1,88M,1,65%
14.05.2018,12,82,13,15,13,20,12,29,1,55M,-2,46%
15.05.2018,12,51,12,88,13,33,12,47,1,29M,-2,41%
16.05.2018,12,29,12,53,12,57,11,88,1,07M,-1,79%
17.05.2018,12,37,12,33,12,95,12,22,1,71M,0,61%
18.05.2018,15,11,12,37,16,23,12,01,5,63M,22,18%
19.05.2018,14,33,15,11,15,65,13,95,3,39M,-5,16%
20.05.2018,14,17,14,33,14,39,13,69,2,41M,-1,13%
21.05.2018,14,67,14,17,14,80,14,08,2,55M,3,57%
22.05.2018,13,88,14,67,14,84,13,71,2,36M,-5,40%
23.05.2018,12,47,13,85,13,93,12,24,2,22M,-10,18%
24.05.2018,13,02,12,54,13,19,12,10,1,57M,4,47%
25.05.2018,12,99,13,04,13,38,12,58,1,32M,-0,30%
26.05.2018,12,73,13,04,13,26,12,69,1,21M,-1,97%
27.05.2018,12,60,12,79,12,80,12,29,1,07M,-0,99%
28.05.2018,11,89,12,60,12,75,11,63,938,95K,-5,65%
29.05.2018,12,61,11,90,12,69,11,69,1,47M,6,01%
30.05.2018,12,62,12,59,12,79,12,18,1,30M,0,08%
31.05.2018,14,22,12,59,14,25,12,40,2,73M,12,66%
01.06.2018,14,25,14,20,14,45,13,76,2,32M,0,25%
02.06.2018,14,68,14,25,14,88,14,00,2,36M,3,01%
03.06.2018,14,68,14,68,15,03,14,30,2,24M,0,00%
04.06.2018,14,26,14,70,14,73,13,62,1,58M,-2,85%
05.06.2018,15,60,14,26,15,70,14,15,2,61M,9,35%
06.06.2018,17,27,15,60,17,40,15,32,3,87M,10,73%
07.06.2018,16,25,17,27,17,44,16,15,3,25M,-5,88%
08.06.2018,16,23,16,32,16,65,15,75,2,53M,-0,15%
09.06.2018,16,03,16,30,16,90,15,89,2,34M,-1,23%
10.06.2018,14,15,16,02,16,02,13,40,2,58M,-11,70%
11.06.2018,15,47,14,17,15,48,13,71,2,47M,9,29%
12.06.2018,15,26,15,48,16,15,14,92,3,48M,-1,35%
13.06.2018,14,58,15,20,15,80,13,71,3,15M,-4,46%
14.06.2018,14,81,14,56,15,20,14,06,2,69M,1,60%
15.06.2018,14,99,14,88,15,63,14,63,2,57M,1,19%
16.06.2018,15,76,14,92,15,96,14,85,2,45M,5,14%
17.06.2018,16,52,15,76,17,19,15,71,3,24M,4,85%
18.06.2018,16,84,16,60,17,17,16,16,2,85M,1,89%
19.06.2018,16,74,16,79,16,94,16,13,2,12M,-0,57%
20.06.2018,16,06,16,74,16,85,15,61,1,95M,-4,07%
21.06.2018,17,07,16,08,17,38,15,88,3,56M,6,32%
22.06.2018,15,56,17,06,17,25,15,18,3,36M,-8,85%
23.06.2018,15,58,15,56,16,03,15,32,2,10M,0,09%
24.06.2018,14,39,15,58,15,72,13,36,3,87M,-7,58%
25.06.2018,14,90,14,42,15,15,13,76,2,27M,3,50%
26.06.2018,14,06,14,92,15,01,13,84,1,40M,-5,64%
27.06.2018,14,08,14,06,14,31,13,85,1,53M,0,16%
28.06.2018,14,13,14,07,14,90,13,81,2,39M,0,38%
29.06.2018,14,50,14,19,14,69,13,75,1,80M,2,62%
30.06.2018,14,74,14,49,15,15,14,30,2,16M,1,59%
01.07.2018,14,37,14,67,14,74,14,10,1,21M,-2,50%
02.07.2018,14,60,14,39,14,75,14,02,1,90M,1,62%
03.07.2018,14,15,14,60,14,81,14,02,1,78M,-3,10%
04.07.2018,14,02,14,15,14,25,13,85,1,08M,-0,93%
05.07.2018,13,76,14,02,14,09,13,43,1,17M,-1,82%
06.07.2018,13,43,13,76,13,81,13,15,960,65K,-2,40%
07.07.2018,14,13,13,44,14,28,13,31,2,50M,5,23%
08.07.2018,13,98,14,15,14,18,13,86,1,79M,-1,06%
09.07.2018,13,47,14,01,14,04,13,47,1,07M,-3,67%
10.07.2018,12,77,13,54,13,55,12,64,1,27M,-5,18%
11.07.2018,12,68,12,77,12,82,12,17,1,67M,-0,75%
12.07.2018,12,12,12,68,12,77,11,81,1,06M,-4,40%
13.07.2018,12,19,12,13,12,42,11,98,1,10M,0,55%
14.07.2018,12,09,12,19,12,28,11,93,705,87K,-0,82%
15.07.2018,12,30,12,09,12,40,11,97,974,98K,1,76%
16.07.2018,13,38,12,30,13,42,12,18,1,69M,8,80%
17.07.2018,13,72,13,38,13,90,12,83,2,44M,2,56%
18.07.2018,12,87,13,72,13,88,12,67,2,50M,-6,23%
19.07.2018,12,96,12,87,13,38,12,73,1,66M,0,71%
20.07.2018,12,08,12,96,13,00,11,82,1,50M,-6,80%
21.07.2018,12,18,12,08,12,49,11,85,962,91K,0,89%
22.07.2018,12,14,12,18,12,33,11,95,720,19K,-0,33%
23.07.2018,12,03,12,14,12,39,11,90,846,36K,-0,90%
24.07.2018,12,16,12,03,12,29,11,64,1,47M,1,03%
25.07.2018,13,00,12,16,13,51,12,12,2,39M,6,91%
26.07.2018,13,34,13,00,13,62,12,93,2,05M,2,62%
27.07.2018,13,99,13,34,14,08,13,04,1,87M,4,88%
28.07.2018,14,66,13,99,14,88,13,72,2,19M,4,75%
29.07.2018,13,95,14,66,14,75,13,67,1,63M,-4,79%
30.07.2018,13,22,13,95,13,97,13,01,1,21M,-5,27%
31.07.2018,13,80,13,17,14,08,13,00,1,91M,4,41%
01.08.2018,13,65,13,80,14,09,13,21,1,44M,-1,11%
02.08.2018,14,16,13,65,14,20,13,36,1,22M,3,75%
03.08.2018,14,13,14,16,14,16,13,55,1,72M,-0,25%
04.08.2018,13,85,14,13,14,47,13,56,1,67M,-1,95%
05.08.2018,13,64,13,85,13,90,13,24,1,18M,-1,55%
06.08.2018,13,69,13,64,13,96,13,47,1,40M,0,40%
07.08.2018,13,15,13,69,13,85,13,08,1,14M,-3,95%
08.08.2018,12,15,13,15,13,15,11,96,1,48M,-7,60%
09.08.2018,12,79,12,15,12,86,12,04,1,40M,5,27%
10.08.2018,12,15,12,77,12,77,11,71,1,32M,-5,00%
11.08.2018,11,67,12,15,12,15,11,31,951,81K,-3,95%
12.08.2018,11,77,11,67,11,84,11,36,827,24K,0,83%
13.08.2018,10,26,11,77,11,86,10,11,1,26M,-12,83%
14.08.2018,9,43,10,26,10,28,8,54,1,78M,-8,07%
15.08.2018,9,54,9,40,10,63,9,34,2,06M,1,15%
16.08.2018,9,78,9,54,9,99,9,35,1,01M,2,52%
17.08.2018,10,88,9,78,10,88,9,71,1,34M,11,25%
18.08.2018,9,88,10,88,10,97,9,45,1,13M,-9,19%
19.08.2018,10,14,9,88,10,30,9,66,899,11K,2,64%
20.08.2018,9,64,10,14,10,21,9,56,675,69K,-4,92%
21.08.2018,9,74,9,64,9,84,9,36,467,53K,1,00%
22.08.2018,9,52,9,74,10,24,9,19,930,43K,-2,27%
23.08.2018,9,76,9,59,9,76,9,36,656,28K,2,57%
24.08.2018,10,20,9,76,10,22,9,55,780,04K,4,55%
25.08.2018,10,10,10,20,10,28,9,94,680,30K,-1,03%
26.08.2018,10,22,10,10,10,25,9,73,744,03K,1,20%
27.08.2018,11,17,10,22,11,31,10,10,1,52M,9,28%
28.08.2018,11,49,11,17,11,53,10,77,1,55M,2,88%
29.08.2018,11,17,11,49,11,49,10,71,1,15M,-2,83%
30.08.2018,10,77,11,17,11,19,10,35,754,61K,-3,51%
31.08.2018,10,98,10,77,10,99,10,56,823,12K,1,90%
01.09.2018,11,48,10,99,11,57,10,97,1,05M,4,56%
02.09.2018,11,33,11,48,11,50,11,08,705,60K,-1,27%
03.09.2018,11,31,11,37,11,46,11,10,640,54K,-0,20%
04.09.2018,11,44,11,31,11,45,11,22,632,54K,1,14%
05.09.2018,9,97,11,44,11,57,9,92,1,18M,-12,89%
06.09.2018,10,29,9,97,10,33,9,54,861,36K,3,22%
07.09.2018,9,94,10,29,10,30,9,65,545,66K,-3,36%
08.09.2018,9,52,9,94,10,14,9,28,590,91K,-4,20%
09.09.2018,9,51,9,52,9,76,9,15,575,56K,-0,18%
10.09.2018,9,52,9,51,9,74,9,29,411,19K,0,11%
11.09.2018,9,36,9,52,9,60,9,11,775,04K,-1,59%
12.09.2018,9,21,9,36,9,48,9,01,719,29K,-1,67%
13.09.2018,9,56,9,21,9,71,9,20,1,02M,3,84%
14.09.2018,9,89,9,56,10,09,9,50,1,07M,3,47%
15.09.2018,10,06,9,90,10,22,9,88,1,11M,1,70%
16.09.2018,9,94,10,06,10,13,9,70,796,12K,-1,21%
17.09.2018,9,36,9,94,10,03,9,26,862,34K,-5,82%
18.09.2018,9,52,9,36,9,65,9,22,892,23K,1,66%
19.09.2018,9,61,9,52,9,79,9,23,981,11K,1,00%
20.09.2018,10,01,9,61,10,08,9,58,1,12M,4,19%
21.09.2018,10,46,10,01,10,48,9,95,1,44M,4,47%
22.09.2018,10,25,10,46,10,60,10,02,855,61K,-2,00%
23.09.2018,10,29,10,25,10,43,10,12,863,61K,0,37%
24.09.2018,10,04,10,29,10,36,9,91,716,92K,-2,41%
25.09.2018,9,82,10,04,10,04,9,37,669,50K,-2,21%
26.09.2018,9,71,9,82,9,94,9,55,665,88K,-1,16%
27.09.2018,10,06,9,71,10,10,9,64,1,10M,3,65%
28.09.2018,9,96,10,06,10,28,9,81,1,02M,-1,02%
29.09.2018,10,00,9,96,10,07,9,73,1,03M,0,40%
30.09.2018,10,02,10,01,10,06,9,82,1,01M,0,22%
01.10.2018,9,97,10,02,10,08,9,85,949,17K,-0,51%
02.10.2018,10,31,9,98,10,68,9,86,1,65M,3,40%
03.10.2018,10,28,10,31,10,49,10,02,1,52M,-0,27%
04.10.2018,10,26,10,28,10,44,10,21,1,40M,-0,22%
05.10.2018,10,68,10,30,10,77,10,23,1,63M,4,06%
06.10.2018,10,41,10,68,10,75,10,33,1,22M,-2,51%
07.10.2018,10,59,10,41,10,60,10,27,1,29M,1,70%
08.10.2018,10,57,10,59,10,69,10,50,1,24M,-0,14%
09.10.2018,10,42,10,57,10,63,10,28,1,06M,-1,40%
10.10.2018,10,40,10,42,10,44,10,25,1,03M,-0,25%
11.10.2018,9,35,10,40,10,40,9,23,1,02M,-10,06%
12.10.2018,9,59,9,36,9,75,9,25,1,04M,2,51%
13.10.2018,9,68,9,55,9,73,9,54,1,06M,1,00%
14.10.2018,9,59,9,68,9,78,9,53,963,46K,-0,95%
15.10.2018,10,56,9,59,10,98,9,52,2,34M,10,16%
16.10.2018,10,27,10,55,10,56,10,11,1,28M,-2,78%
17.10.2018,10,23,10,27,10,35,10,10,1,40M,-0,35%
18.10.2018,9,92,10,23,10,27,9,81,1,26M,-3,05%
19.10.2018,9,90,9,92,9,98,9,83,1,11M,-0,22%
20.10.2018,9,92,9,90,10,00,9,82,1,16M,0,22%
21.10.2018,9,92,9,91,10,02,9,87,1,20M,0,00%
22.10.2018,9,88,9,92,9,98,9,81,1,04M,-0,41%
23.10.2018,9,92,9,88,10,04,9,82,1,22M,0,41%
24.10.2018,9,87,9,92,9,99,9,86,1,04M,-0,54%
25.10.2018,9,80,9,87,9,93,9,75,1,01M,-0,68%
26.10.2018,9,83,9,80,9,91,9,75,1,02M,0,30%
27.10.2018,9,73,9,83,9,83,9,70,851,50K,-1,06%
28.10.2018,9,70,9,73,9,76,9,64,841,91K,-0,26%
29.10.2018,9,44,9,70,9,73,9,38,786,96K,-2,63%
30.10.2018,9,43,9,44,9,54,9,40,718,68K,-0,13%
31.10.2018,9,49,9,45,9,55,9,29,709,70K,0,63%
01.11.2018,9,62,9,49,9,65,9,44,792,43K,1,36%
02.11.2018,9,65,9,62,9,72,9,55,849,51K,0,30%
03.11.2018,9,58,9,65,9,71,9,49,814,17K,-0,71%
04.11.2018,9,82,9,59,9,90,9,50,934,58K,2,49%
05.11.2018,9,73,9,82,9,83,9,66,836,65K,-0,87%
06.11.2018,9,86,9,73,9,88,9,67,884,71K,1,35%
07.11.2018,9,89,9,88,9,98,9,81,867,19K,0,25%
08.11.2018,9,69,9,89,9,92,9,66,797,78K,-2,04%
09.11.2018,9,62,9,69,9,75,9,53,737,30K,-0,75%
10.11.2018,9,59,9,62,9,68,9,57,782,36K,-0,27%
11.11.2018,9,55,9,59,9,62,9,37,753,97K,-0,42%
12.11.2018,9,48,9,54,9,59,9,33,724,75K,-0,75%
13.11.2018,9,39,9,48,9,59,9,36,658,79K,-0,89%
14.11.2018,8,68,9,39,9,42,8,34,671,74K,-7,57%
15.11.2018,8,38,8,68,8,73,7,80,821,92K,-3,53%
16.11.2018,8,01,8,38,8,38,7,86,902,84K,-4,37%
17.11.2018,7,85,8,01,8,02,7,69,752,86K,-2,00%
18.11.2018,8,08,7,85,8,14,7,83,605,11K,2,97%
19.11.2018,6,70,8,08,8,09,6,67,1,05M,-17,05%
20.11.2018,5,94,6,70,6,90,5,66,1,63M,-11,38%
21.11.2018,6,29,5,92,6,32,5,65,842,73K,5,86%
22.11.2018,5,75,6,29,6,37,5,75,627,77K,-8,57%
23.11.2018,5,65,5,78,5,84,5,48,600,26K,-1,70%
24.11.2018,5,20,5,65,5,80,4,79,919,71K,-7,99%
25.11.2018,5,28,5,20,5,37,4,54,1,00M,1,55%
26.11.2018,5,04,5,29,5,40,4,76,852,94K,-4,55%
27.11.2018,4,99,5,04,5,04,4,71,702,11K,-1,05%
28.11.2018,5,35,4,99,5,46,4,99,1,14M,7,22%
29.11.2018,5,38,5,35,5,63,5,14,1,02M,0,57%
30.11.2018,5,12,5,38,5,45,4,95,708,62K,-4,80%
01.12.2018,5,28,5,11,5,39,5,01,924,16K,3,17%
02.12.2018,5,28,5,28,5,43,5,20,852,86K,-0,14%
03.12.2018,5,13,5,28,5,29,5,01,674,85K,-2,78%
04.12.2018,5,89,5,13,6,35,5,10,2,24M,14,89%
05.12.2018,6,06,5,89,6,62,5,73,4,21M,2,83%
06.12.2018,4,90,6,06,6,10,4,90,3,03M,-19,08%
07.12.2018,4,52,4,90,4,98,4,13,2,25M,-7,90%
08.12.2018,4,63,4,52,4,80,4,30,1,26M,2,45%
09.12.2018,4,77,4,63,5,00,4,52,1,51M,3,01%
10.12.2018,4,63,4,77,4,94,4,49,928,56K,-2,90%
11.12.2018,4,75,4,63,4,87,4,50,1,18M,2,67%
12.12.2018,4,98,4,88,5,14,4,74,1,20M,4,72%
13.12.2018,4,64,4,98,4,99,4,56,1,00M,-6,77%
14.12.2018,4,52,4,64,4,75,4,43,946,23K,-2,58%
15.12.2018,4,55,4,52,4,60,4,45,969,29K,0,65%
16.12.2018,4,62,4,55,4,70,4,51,1,07M,1,50%
17.12.2018,5,05,4,62,5,12,4,60,1,51M,9,33%
18.12.2018,5,54,5,05,5,54,4,91,1,91M,9,70%
19.12.2018,5,36,5,54,5,83,5,29,1,80M,-3,20%
20.12.2018,5,66,5,36,5,79,5,24,2,16M,5,65%
21.12.2018,5,47,5,66,5,78,5,32,1,59M,-3,38%
22.12.2018,5,83,5,47,5,88,5,39,1,77M,6,66%
23.12.2018,5,96,5,83,6,13,5,77,1,88M,2,13%
24.12.2018,6,10,5,96,6,47,5,93,2,06M,2,37%
25.12.2018,5,44,6,10,6,10,5,32,1,44M,-10,78%
26.12.2018,5,60,5,45,5,68,5,38,1,35M,2,89%
27.12.2018,5,17,5,62,5,65,5,10,1,15M,-7,69%
28.12.2018,5,88,5,17,5,89,5,11,1,50M,13,70%
29.12.2018,5,65,5,88,5,99,5,61,1,23M,-3,87%
30.12.2018,5,89,5,66,5,90,5,56,1,40M,4,34%
31.12.2018,6,11,5,89,6,24,5,84,2,38M,3,56%
01.01.2019,5,99,6,11,6,12,5,78,1,42M,-1,82%
02.01.2019,6,05,5,99,6,09,5,85,2,13M,0,89%
03.01.2019,5,79,6,05,6,06,5,78,1,53M,-4,19%
04.01.2019,5,96,5,79,5,99,5,75,1,66M,2,86%
05.01.2019,5,97,5,97,6,10,5,93,1,63M,0,11%
06.01.2019,6,26,5,97,6,37,5,93,2,51M,4,95%
07.01.2019,6,20,6,26,6,31,6,10,1,68M,-0,98%
08.01.2019,6,52,6,20,6,80,6,14,3,95M,5,08%
09.01.2019,6,56,6,52,6,85,6,35,4,17M,0,61%
10.01.2019,5,80,6,56,6,57,5,66,3,35M,-11,47%
11.01.2019,5,96,5,84,6,12,5,69,2,56M,2,68%
12.01.2019,5,86,5,96,5,96,5,80,1,75M,-1,63%
13.01.2019,5,47,5,86,5,89,5,38,1,42M,-6,71%
14.01.2019,6,06,5,47,6,06,5,46,2,33M,10,78%
15.01.2019,5,81,6,06,6,06,5,68,1,37M,-4,11%
16.01.2019,6,09,5,81,6,18,5,78,2,16M,4,85%
17.01.2019,6,32,6,09,6,32,5,96,2,31M,3,77%
18.01.2019,6,48,6,32,6,58,6,22,2,50M,2,51%
19.01.2019,6,53,6,48,6,64,6,24,2,27M,0,79%
20.01.2019,6,40,6,53,6,63,6,24,1,78M,-2,06%
21.01.2019,6,47,6,40,6,51,6,29,1,85M,1,19%
22.01.2019,6,48,6,47,6,50,6,26,1,86M,0,09%
23.01.2019,6,49,6,47,6,52,6,35,1,93M,0,24%
24.01.2019,6,46,6,49,6,49,6,39,1,51M,-0,58%
25.01.2019,6,68,6,46,6,75,6,44,2,58M,3,46%
26.01.2019,6,95,6,68,6,98,6,62,2,74M,3,99%
27.01.2019,7,04,6,95,7,20,6,79,2,78M,1,32%
28.01.2019,6,15,7,04,7,14,5,97,4,95M,-12,58%
29.01.2019,6,14,6,16,6,26,5,99,2,96M,-0,20%
30.01.2019,6,13,6,14,6,20,6,00,2,24M,-0,09%
31.01.2019,6,22,6,13,6,26,5,96,2,27M,1,39%
01.02.2019,6,52,6,22,6,64,6,12,2,94M,4,87%
02.02.2019,6,87,6,52,6,90,6,49,3,25M,5,31%
03.02.2019,6,79,6,87,6,90,6,62,3,09M,-1,18%
04.02.2019,7,11,6,79,7,18,6,69,3,31M,4,69%
05.02.2019,7,86,7,11,7,96,6,96,4,15M,10,54%
06.02.2019,8,13,7,86,8,48,7,34,5,82M,3,48%
07.02.2019,7,81,8,13,8,47,7,68,4,35M,-3,88%
08.02.2019,8,59,7,81,8,80,7,61,4,96M,9,92%
09.02.2019,8,90,8,59,8,92,8,44,5,44M,3,58%
10.02.2019,9,16,8,90,9,29,8,83,5,75M,2,96%
11.02.2019,9,53,9,17,9,78,9,04,6,04M,4,02%
12.02.2019,9,28,9,53,9,75,8,94,4,94M,-2,63%
13.02.2019,8,92,9,28,9,28,8,71,4,00M,-3,85%
14.02.2019,8,75,8,92,9,04,8,41,2,80M,-1,92%
15.02.2019,9,25,8,75,9,49,8,73,3,32M,5,73%
16.02.2019,9,10,9,25,9,32,9,06,2,50M,-1,63%
17.02.2019,9,22,9,10,9,22,8,91,2,46M,1,33%
18.02.2019,9,61,9,22,9,70,9,18,2,81M,4,20%
19.02.2019,10,47,9,61,11,11,9,50,4,90M,8,95%
20.02.2019,10,94,10,47,11,27,10,40,4,34M,4,50%
21.02.2019,10,47,10,94,10,94,10,14,3,08M,-4,24%
22.02.2019,10,76,10,47,10,96,10,39,3,04M,2,71%
23.02.2019,10,73,10,76,10,85,10,40,2,88M,-0,30%
24.02.2019,9,93,10,73,11,08,9,40,4,80M,-7,43%
25.02.2019,9,69,9,92,10,23,9,35,5,35M,-2,38%
26.02.2019,9,43,9,70,9,75,9,36,3,12M,-2,72%
27.02.2019,9,85,9,43,10,00,9,35,3,53M,4,50%
28.02.2019,10,27,9,85,10,49,9,80,3,69M,4,26%
01.03.2019,11,35,10,27,11,55,10,24,4,02M,10,45%
02.03.2019,11,75,11,35,11,80,10,83,3,89M,3,56%
03.03.2019,11,45,11,75,11,86,11,20,2,86M,-2,58%
04.03.2019,11,41,11,45,11,51,10,88,2,74M,-0,29%
05.03.2019,13,65,11,40,13,74,11,40,8,34M,19,61%
06.03.2019,14,58,13,65,14,64,12,90,6,16M,6,78%
07.03.2019,15,10,14,58,15,52,14,35,6,76M,3,59%
08.03.2019,14,29,15,10,15,21,13,58,6,34M,-5,36%
09.03.2019,14,47,14,29,14,92,13,98,4,00M,1,23%
10.03.2019,14,37,14,47,14,51,13,87,3,53M,-0,66%
11.03.2019,14,41,14,37,14,90,14,01,3,76M,0,26%
12.03.2019,15,34,14,41,15,43,14,18,4,05M,6,48%
13.03.2019,15,02,15,34,15,37,14,94,3,28M,-2,09%
14.03.2019,14,90,15,02,15,08,14,57,3,08M,-0,78%
15.03.2019,14,94,14,90,15,19,14,85,2,99M,0,22%
16.03.2019,15,95,14,94,16,00,14,88,3,29M,6,81%
17.03.2019,15,62,15,96,15,96,15,44,3,10M,-2,09%
18.03.2019,15,54,15,62,15,79,15,23,2,48M,-0,51%
19.03.2019,15,51,15,54,15,80,15,00,4,27M,-0,21%
20.03.2019,15,13,15,51,15,51,15,02,2,37M,-2,42%
21.03.2019,14,35,15,13,15,30,13,90,3,02M,-5,16%
22.03.2019,15,15,14,35,15,22,14,23,2,69M,5,60%
23.03.2019,15,15,15,15,15,44,14,96,2,63M,-0,04%
24.03.2019,17,13,15,15,17,45,14,68,5,29M,13,08%
25.03.2019,16,79,17,13,17,34,16,11,2,77M,-1,96%
26.03.2019,16,18,16,79,16,79,15,56,2,73M,-3,64%
27.03.2019,16,58,16,20,16,80,15,89,3,24M,2,46%
28.03.2019,16,65,16,58,16,72,16,41,2,99M,0,44%
29.03.2019,16,49,16,65,16,81,16,38,2,74M,-0,98%
30.03.2019,16,97,16,49,16,97,15,97,2,79M,2,89%
31.03.2019,17,53,16,97,17,72,16,75,3,18M,3,32%
01.04.2019,17,91,17,53,18,23,17,34,2,97M,2,15%
02.04.2019,19,72,17,91,19,88,17,56,3,36M,10,09%
03.04.2019,18,51,19,72,20,00,18,00,3,53M,-6,11%
04.04.2019,19,00,18,51,19,41,18,21,2,94M,2,62%
05.04.2019,19,36,19,00,19,46,18,88,2,71M,1,93%
06.04.2019,19,06,19,36,19,36,18,84,2,52M,-1,57%
07.04.2019,18,96,19,07,19,21,18,82,2,33M,-0,52%
08.04.2019,17,98,18,96,19,03,17,80,2,14M,-5,16%
09.04.2019,18,30,17,98,18,54,17,05,2,78M,1,79%
10.04.2019,18,24,18,30,18,61,17,89,2,56M,-0,33%
11.04.2019,17,53,18,23,18,23,16,32,1,81M,-3,87%
12.04.2019,18,32,17,53,18,54,16,62,2,33M,4,51%
13.04.2019,18,62,18,32,18,63,17,95,2,21M,1,61%
14.04.2019,19,38,18,62,19,90,18,43,2,44M,4,11%
15.04.2019,19,27,19,36,19,78,18,69,2,22M,-0,60%
16.04.2019,19,64,19,27,19,71,18,71,2,24M,1,95%
17.04.2019,19,49,19,64,19,77,19,27,2,00M,-0,78%
18.04.2019,21,88,19,49,21,99,19,43,3,69M,12,26%
19.04.2019,24,32,21,88,24,70,21,17,4,25M,11,15%
20.04.2019,24,89,24,32,25,49,23,79,3,54M,2,33%
21.04.2019,24,03,24,89,24,89,22,49,3,31M,-3,44%
22.04.2019,23,78,24,03,24,61,23,18,3,01M,-1,03%
23.04.2019,22,55,23,78,24,60,22,48,2,88M,-5,19%
24.04.2019,23,01,22,55,23,11,20,97,2,96M,2,04%
25.04.2019,22,48,23,01,23,44,21,61,3,12M,-2,30%
26.04.2019,23,06,22,48,23,78,21,68,3,27M,2,57%
27.04.2019,22,42,23,06,23,12,22,39,2,99M,-2,76%
28.04.2019,23,01,22,42,23,21,22,42,3,02M,2,64%
29.04.2019,21,67,23,01,23,08,21,34,2,39M,-5,82%
30.04.2019,22,04,21,67,22,30,21,34,2,20M,1,71%
01.05.2019,21,88,22,04,22,10,21,48,2,07M,-0,74%
02.05.2019,23,61,21,88,24,09,21,75,2,44M,7,91%
03.05.2019,23,70,23,61,23,97,23,02,2,23M,0,40%
04.05.2019,22,90,23,70,23,79,22,31,1,90M,-3,41%
05.05.2019,22,98,22,90,23,17,22,66,1,79M,0,39%
06.05.2019,22,18,22,98,22,99,21,47,1,77M,-3,49%
07.05.2019,20,66,22,19,22,45,20,30,1,81M,-6,86%
08.05.2019,20,67,20,66,21,40,19,60,2,74M,0,03%
09.05.2019,18,82,20,67,20,96,18,58,2,33M,-8,92%
10.05.2019,19,62,18,85,19,99,18,33,2,43M,4,24%
11.05.2019,20,85,19,62,22,00,18,89,3,75M,6,25%
12.05.2019,20,96,20,85,21,49,20,13,3,23M,0,53%
13.05.2019,23,50,20,96,23,99,20,74,4,57M,12,13%
14.05.2019,23,64,23,50,24,49,22,62,3,82M,0,60%
15.05.2019,26,82,23,64,27,40,23,46,3,43M,13,45%
16.05.2019,26,29,26,82,27,74,25,08,4,20M,-1,98%
17.05.2019,25,80,26,29,26,65,23,40,3,43M,-1,87%
18.05.2019,28,87,25,80,29,10,25,13,4,32M,11,89%
19.05.2019,29,17,28,87,29,84,27,62,4,44M,1,05%
20.05.2019,29,27,29,17,29,30,27,60,3,98M,0,33%
21.05.2019,32,41,29,27,32,70,28,06,4,71M,10,75%
22.05.2019,31,05,32,41,32,41,30,69,3,80M,-4,20%
23.05.2019,31,42,30,67,32,23,30,20,3,79M,1,20%
24.05.2019,34,10,31,42,34,70,31,21,4,53M,8,53%
25.05.2019,35,12,34,10,35,47,33,65,4,18M,2,97%
26.05.2019,33,27,35,07,35,07,32,37,3,85M,-5,27%
27.05.2019,33,46,33,27,35,08,32,76,3,94M,0,58%
28.05.2019,33,12,33,46,34,49,32,50,3,59M,-1,02%
29.05.2019,33,62,33,12,33,87,30,93,3,64M,1,50%
30.05.2019,31,63,33,62,34,95,30,38,3,80M,-5,90%
31.05.2019,32,93,31,63,32,96,30,61,3,63M,4,11%
01.06.2019,33,30,32,92,34,32,32,53,3,65M,1,13%
02.06.2019,33,16,33,30,33,75,32,69,3,13M,-0,43%
03.06.2019,30,87,33,16,33,16,30,51,2,85M,-6,91%
04.06.2019,29,20,30,87,31,45,28,73,2,88M,-5,41%
05.06.2019,30,85,29,20,31,18,29,01,3,35M,5,66%
06.06.2019,31,15,30,85,31,99,29,75,2,99M,0,99%
07.06.2019,31,43,31,16,31,96,30,95,2,76M,0,88%
08.06.2019,31,70,31,43,32,29,31,13,3,23M,0,88%
09.06.2019,30,15,31,70,31,84,29,77,2,53M,-4,90%
10.06.2019,31,99,30,15,32,00,29,75,6,26M,6,09%
11.06.2019,31,89,31,99,32,02,31,00,4,84M,-0,32%
12.06.2019,34,84,31,88,34,96,31,79,6,40M,9,28%
13.06.2019,35,20,34,85,36,25,34,18,6,02M,1,03%
14.06.2019,32,42,35,20,35,25,29,93,7,61M,-7,90%
15.06.2019,32,71,32,42,33,91,31,73,5,37M,0,89%
16.06.2019,32,20,32,71,33,21,31,78,4,30M,-1,56%
17.06.2019,33,78,32,19,34,30,32,19,7,32M,4,91%
18.06.2019,34,50,33,78,35,05,33,69,8,08M,2,15%
19.06.2019,35,12,34,50,35,63,34,33,8,71M,1,79%
20.06.2019,36,78,35,11,36,92,34,34,9,54M,4,73%
21.06.2019,38,65,36,78,38,82,36,24,5,41M,5,08%
22.06.2019,37,96,38,64,39,54,37,45,5,41M,-1,79%
23.06.2019,37,25,37,97,38,46,37,23,4,67M,-1,87%
24.06.2019,37,43,37,25,37,80,36,05,4,41M,0,50%
25.06.2019,36,08,37,40,37,50,35,74,3,35M,-3,63%
26.06.2019,36,02,36,08,37,94,34,52,4,45M,-0,15%
27.06.2019,34,42,36,02,36,28,33,28,3,89M,-4,44%
28.06.2019,34,61,34,42,35,27,33,86,3,35M,0,56%
29.06.2019,35,49,34,60,35,77,33,31,4,06M,2,52%
30.06.2019,32,11,35,49,35,51,32,05,3,15M,-9,50%
01.07.2019,33,27,32,12,34,01,31,44,2,82M,3,61%
02.07.2019,31,97,33,27,33,81,30,59,3,02M,-3,94%
03.07.2019,32,48,31,96,33,06,31,66,2,93M,1,61%
04.07.2019,33,07,32,48,34,36,32,19,3,34M,1,83%
05.07.2019,32,60,33,07,33,64,32,42,2,38M,-1,44%
06.07.2019,32,61,32,61,33,18,32,53,1,91M,0,04%
07.07.2019,32,97,32,61,33,37,32,47,2,05M,1,11%
08.07.2019,33,40,32,97,34,24,32,80,2,35M,1,30%
09.07.2019,32,52,33,40,33,91,32,28,1,92M,-2,64%
10.07.2019,31,22,32,51,32,94,30,62,2,41M,-4,01%
11.07.2019,29,43,31,24,31,78,28,37,2,58M,-5,73%
12.07.2019,31,88,29,43,32,59,29,03,4,38M,8,32%
13.07.2019,31,46,31,88,32,50,30,25,2,67M,-1,31%
14.07.2019,28,50,31,47,31,52,28,35,3,18M,-9,43%
15.07.2019,28,58,28,51,28,68,26,38,4,39M,0,27%
16.07.2019,25,06,28,58,29,52,24,95,5,46M,-12,30%
17.07.2019,27,61,25,06,28,09,24,18,8,15M,10,16%
18.07.2019,28,91,27,64,29,51,26,80,9,11M,4,73%
19.07.2019,28,99,28,91,29,92,28,33,5,86M,0,27%
20.07.2019,31,07,28,98,31,45,28,90,4,34M,7,19%
21.07.2019,30,42,31,07,31,52,29,31,3,32M,-2,11%
22.07.2019,30,84,30,42,32,54,29,79,5,16M,1,37%
23.07.2019,29,46,30,83,30,87,29,02,4,04M,-4,47%
24.07.2019,28,88,29,46,29,48,27,81,3,58M,-1,95%
25.07.2019,28,92,28,87,29,68,28,52,3,35M,0,13%
26.07.2019,28,88,28,93,29,03,28,21,2,97M,-0,15%
27.07.2019,27,70,28,88,29,42,27,27,2,41M,-4,09%
28.07.2019,27,72,27,71,27,86,26,66,2,17M,0,08%
29.07.2019,27,03,27,73,27,99,26,86,1,80M,-2,49%
30.07.2019,26,94,27,03,27,12,26,23,1,87M,-0,32%
31.07.2019,27,73,26,95,27,81,26,79,3,05M,2,92%
01.08.2019,28,69,27,73,28,77,27,46,3,55M,3,45%
02.08.2019,28,10,28,70,28,73,27,57,2,48M,-2,04%
03.08.2019,27,74,28,10,28,33,27,53,1,94M,-1,30%
04.08.2019,27,38,27,74,27,80,27,13,1,72M,-1,30%
05.08.2019,27,97,27,38,28,32,27,35,1,99M,2,18%
06.08.2019,27,65,27,97,28,31,27,35,2,40M,-1,16%
07.08.2019,29,65,27,65,29,97,27,34,3,91M,7,24%
08.08.2019,31,20,29,65,31,78,29,19,5,01M,5,21%
09.08.2019,29,82,31,19,31,48,29,66,2,74M,-4,41%
10.08.2019,29,60,29,79,29,97,29,08,3,17M,-0,73%
11.08.2019,30,26,29,63,30,38,29,48,3,42M,2,22%
12.08.2019,30,18,30,26,30,55,29,84,3,48M,-0,25%
13.08.2019,29,44,30,17,30,41,29,21,2,94M,-2,45%
14.08.2019,27,00,29,43,29,45,26,85,2,90M,-8,31%
15.08.2019,28,10,27,00,28,20,27,00,3,61M,4,09%
16.08.2019,27,50,28,10,28,10,26,85,2,99M,-2,13%
17.08.2019,27,45,27,50,27,90,27,07,2,71M,-0,18%
18.08.2019,27,91,27,45,28,16,27,11,2,98M,1,65%
19.08.2019,28,78,27,90,29,20,27,73,3,38M,3,11%
20.08.2019,27,99,28,77,28,81,27,80,2,48M,-2,72%
21.08.2019,26,95,28,00,28,04,26,42,2,18M,-3,71%
22.08.2019,27,02,26,95,27,32,26,31,2,12M,0,25%
23.08.2019,27,03,27,02,27,32,26,87,2,20M,0,02%
24.08.2019,26,44,27,03,27,03,26,09,1,73M,-2,16%
25.08.2019,26,08,26,44,26,48,25,67,1,92M,-1,39%
26.08.2019,26,12,26,08,27,18,25,79,3,31M,0,16%
27.08.2019,25,59,26,12,26,13,24,72,2,49M,-2,02%
28.08.2019,23,42,25,60,25,99,23,32,2,57M,-8,50%
29.08.2019,21,84,23,42,23,42,21,40,2,88M,-6,74%
30.08.2019,22,17,21,84,22,62,21,59,3,21M,1,53%
31.08.2019,21,22,22,19,22,42,21,17,2,50M,-4,27%
01.09.2019,21,54,21,22,21,83,21,16,2,76M,1,48%
02.09.2019,22,77,21,55,22,88,21,20,3,51M,5,72%
03.09.2019,22,50,22,77,22,93,22,33,2,49M,-1,17%
04.09.2019,21,83,22,51,22,74,21,63,2,03M,-3,02%
05.09.2019,22,76,21,83,23,58,21,60,3,80M,4,30%
06.09.2019,22,08,22,76,23,44,21,82,3,44M,-2,99%
07.09.2019,22,48,22,08,22,75,21,95,2,94M,1,81%
08.09.2019,22,59,22,48,22,83,22,29,2,44M,0,45%
09.09.2019,22,33,22,61,22,64,21,99,2,03M,-1,13%
10.09.2019,22,07,22,35,22,55,21,65,1,81M,-1,14%
11.09.2019,20,97,22,08,22,26,20,78,2,08M,-4,99%
12.09.2019,20,92,20,97,21,13,19,96,3,08M,-0,25%
13.09.2019,20,93,20,92,21,27,20,64,2,64M,0,00%
14.09.2019,21,10,20,93,21,27,20,88,2,47M,0,85%
15.09.2019,20,60,21,10,21,20,20,60,2,33M,-2,38%
16.09.2019,20,46,20,60,20,97,20,19,2,10M,-0,67%
17.09.2019,21,08,20,49,21,50,20,29,3,27M,3,01%
18.09.2019,22,22,21,08,23,16,21,03,5,51M,5,38%
19.09.2019,21,61,22,21,22,46,20,53,2,87M,-2,72%
20.09.2019,21,40,21,61,21,69,21,10,2,70M,-0,97%
21.09.2019,21,14,21,40,21,56,21,03,2,28M,-1,22%
22.09.2019,20,55,21,15,21,17,20,32,2,07M,-2,78%
23.09.2019,19,59,20,55,20,56,19,45,2,19M,-4,71%
24.09.2019,16,01,19,59,19,75,15,94,4,67M,-18,23%
25.09.2019,16,25,16,01,22,80,15,42,3,25M,1,46%
26.09.2019,15,41,16,25,16,65,14,65,3,29M,-5,15%
27.09.2019,15,65,15,41,15,74,14,82,2,63M,1,52%
28.09.2019,15,75,15,65,15,85,15,35,2,27M,0,65%
29.09.2019,15,27,15,75,15,81,14,95,2,02M,-3,03%
30.09.2019,15,84,15,27,15,85,14,79,2,31M,3,73%
01.10.2019,15,85,15,84,16,17,15,66,2,40M,0,06%
02.10.2019,15,91,15,85,15,94,15,58,1,94M,0,36%
03.10.2019,15,70,15,91,15,97,15,44,2,34M,-1,33%
04.10.2019,15,65,15,68,15,86,15,42,2,52M,-0,32%
05.10.2019,15,71,15,65,15,80,15,46,2,57M,0,44%
06.10.2019,15,36,15,72,15,75,15,22,2,42M,-2,24%
07.10.2019,16,05,15,36,16,14,15,22,2,97M,4,45%
08.10.2019,16,04,16,05,16,34,15,82,2,65M,0,00%
09.10.2019,17,71,16,04,17,96,15,93,6,26M,10,38%
10.10.2019,17,53,17,71,17,89,17,07,4,71M,-0,99%
11.10.2019,16,60,17,53,17,65,16,56,4,20M,-5,31%
12.10.2019,17,20,16,60,17,42,16,55,4,70M,3,60%
13.10.2019,18,21,17,20,18,71,17,12,5,15M,5,86%
14.10.2019,18,43,18,21,18,61,17,86,4,38M,1,25%
15.10.2019,18,44,18,43,19,13,18,12,7,09M,0,05%
16.10.2019,17,76,18,44,18,58,17,44,4,43M,-3,70%
17.10.2019,18,50,17,76,18,77,17,59,4,88M,4,17%
18.10.2019,18,20,18,51,18,74,17,71,3,84M,-1,62%
19.10.2019,18,17,18,20,18,42,17,86,3,64M,-0,19%
20.10.2019,18,47,18,17,18,57,17,75,4,20M,1,69%
21.10.2019,18,25,18,47,18,47,17,94,3,58M,-1,20%
22.10.2019,18,19,18,25,18,76,18,08,4,50M,-0,32%
23.10.2019,16,72,18,20,18,21,16,28,4,11M,-8,07%
24.10.2019,16,90,16,73,17,01,15,65,3,58M,1,06%
25.10.2019,18,60,16,90,19,02,15,68,6,62M,10,05%
26.10.2019,18,93,18,60,19,66,18,06,5,38M,1,77%
27.10.2019,19,30,18,93,19,61,18,52,5,45M,1,96%
28.10.2019,19,90,19,29,21,09,19,27,6,62M,3,09%
29.10.2019,20,66,19,89,21,14,19,80,5,84M,3,83%
30.10.2019,19,90,20,66,20,75,19,07,4,38M,-3,68%
31.10.2019,19,85,19,90,20,25,19,30,4,37M,-0,27%
01.11.2019,19,90,19,85,19,98,19,62,3,07M,0,26%
02.11.2019,20,19,19,90,20,30,18,92,5,22M,1,48%
03.11.2019,20,16,20,19,20,38,19,85,4,64M,-0,15%
04.11.2019,20,62,20,16,20,86,20,06,4,92M,2,24%
05.11.2019,20,62,20,62,20,86,20,34,4,09M,0,00%
06.11.2019,20,65,20,62,20,88,20,35,3,93M,0,14%
07.11.2019,20,40,20,65,20,77,19,96,3,31M,-1,20%
08.11.2019,19,71,20,39,20,48,19,39,3,02M,-3,37%
09.11.2019,19,76,19,71,20,00,19,56,2,71M,0,23%
10.11.2019,20,42,19,76,20,57,19,72,3,75M,3,36%
11.11.2019,20,11,20,42,20,60,19,81,2,98M,-1,51%
12.11.2019,20,89,20,11,20,89,20,06,3,30M,3,89%
13.11.2019,21,31,20,89,21,65,20,66,3,76M,2,00%
14.11.2019,21,21,21,30,21,54,20,88,3,43M,-0,46%
15.11.2019,20,31,21,21,21,23,20,07,3,78M,-4,28%
16.11.2019,20,10,20,30,20,61,19,85,3,54M,-0,99%
17.11.2019,20,16,20,10,20,33,19,78,3,89M,0,28%
18.11.2019,19,10,20,16,20,16,18,85,3,90M,-5,27%
19.11.2019,18,48,19,10,19,39,18,25,3,63M,-3,25%
20.11.2019,18,02,18,49,18,70,17,39,3,81M,-2,46%
21.11.2019,16,81,18,02,21,68,16,64,4,52M,-6,71%
22.11.2019,15,58,16,81,16,81,14,56,8,33M,-7,31%
23.11.2019,16,29,15,58,16,39,15,13,5,60M,4,54%
24.11.2019,15,21,16,29,16,52,15,12,5,43M,-6,65%
25.11.2019,15,30,15,20,15,87,14,15,7,03M,0,60%
26.11.2019,15,47,15,28,15,98,15,16,4,69M,1,16%
27.11.2019,16,03,15,48,16,16,14,89,5,80M,3,58%
28.11.2019,15,52,16,03,16,12,15,45,4,28M,-3,17%
29.11.2019,16,14,15,52,16,26,15,46,5,54M,4,02%
30.11.2019,15,68,16,14,16,19,15,42,4,95M,-2,89%
01.12.2019,15,53,15,67,15,69,15,01,4,12M,-0,93%
02.12.2019,15,21,15,53,15,70,15,14,3,98M,-2,06%
03.12.2019,15,32,15,21,15,53,15,13,4,82M,0,72%
04.12.2019,15,16,15,32,15,71,14,97,5,44M,-1,03%
05.12.2019,15,67,15,16,15,74,14,93,5,72M,3,35%
06.12.2019,15,70,15,67,15,79,15,35,5,47M,0,17%
07.12.2019,15,63,15,69,15,84,15,56,5,69M,-0,45%
08.12.2019,15,64,15,63,15,86,15,43,5,35M,0,08%
09.12.2019,15,44,15,64,15,91,15,29,4,78M,-1,26%
10.12.2019,15,02,15,48,15,49,14,74,4,43M,-2,75%
11.12.2019,14,86,15,01,15,12,14,68,3,93M,-1,07%
12.12.2019,14,83,14,86,14,94,14,57,3,71M,-0,20%
13.12.2019,14,91,14,83,15,04,14,77,4,28M,0,54%
14.12.2019,14,53,14,91,15,04,14,35,4,20M,-2,50%
15.12.2019,14,55,14,53,14,65,14,33,3,90M,0,09%
16.12.2019,13,61,14,55,14,58,13,47,4,79M,-6,47%
17.12.2019,12,37,13,61,13,65,12,15,5,68M,-9,05%
18.12.2019,13,59,12,37,13,68,12,23,6,65M,9,79%
19.12.2019,13,35,13,59,13,76,12,95,4,79M,-1,74%
20.12.2019,13,56,13,36,13,57,13,12,5,73M,1,56%
21.12.2019,13,34,13,53,13,57,13,30,5,86M,-1,62%
22.12.2019,13,81,13,34,13,84,13,30,5,81M,3,55%
23.12.2019,13,35,13,81,14,00,13,25,4,51M,-3,36%
24.12.2019,13,37,13,35,13,65,13,28,4,90M,0,16%
25.12.2019,13,04,13,37,13,43,12,95,4,29M,-2,43%
26.12.2019,13,19,13,04,13,59,13,02,4,59M,1,14%
27.12.2019,13,30,13,19,13,34,13,00,4,77M,0,83%
28.12.2019,13,71,13,30,13,78,13,27,5,65M,3,04%
29.12.2019,14,11,13,71,14,20,13,61,6,46M,2,97%
30.12.2019,13,89,14,12,14,42,13,81,4,79M,-1,62%
31.12.2019,13,73,13,88,14,07,13,66,4,23M,-1,12%
01.01.2020,13,70,13,73,13,88,13,65,4,61M,-0,25%
02.01.2020,13,03,13,70,13,73,12,99,4,49M,-4,85%
03.01.2020,13,65,13,02,13,98,13,01,4,84M,4,72%
04.01.2020,13,85,13,65,13,89,13,53,4,88M,1,49%
05.01.2020,14,07,13,85,14,37,13,83,5,18M,1,58%
06.01.2020,14,96,14,08,15,01,14,04,5,53M,6,31%
07.01.2020,15,02,14,96,15,17,14,48,4,88M,0,44%
08.01.2020,14,54,15,03,15,32,14,23,4,56M,-3,22%
09.01.2020,14,40,14,54,14,62,14,23,3,91M,-0,98%
10.01.2020,15,06,14,40,15,10,13,76,4,96M,4,64%
11.01.2020,14,94,15,06,15,34,14,75,4,80M,-0,79%
12.01.2020,15,33,14,94,15,46,14,82,5,92M,2,58%
13.01.2020,15,17,15,34,15,36,14,93,5,71M,-1,05%
14.01.2020,16,65,15,18,16,89,15,17,7,28M,9,77%
15.01.2020,17,62,16,65,18,14,16,14,8,41M,5,80%
16.01.2020,17,04,17,62,17,70,16,35,5,68M,-3,28%
17.01.2020,18,07,17,04,18,43,17,03,7,33M,6,04%
18.01.2020,17,81,18,08,18,35,17,45,5,40M,-1,46%
19.01.2020,17,36,17,81,18,45,16,73,6,20M,-2,50%
20.01.2020,17,31,17,36,17,56,16,81,5,62M,-0,32%
21.01.2020,18,09,17,31,18,19,17,21,6,57M,4,50%
22.01.2020,17,80,18,08,18,71,17,56,5,18M,-1,61%
23.01.2020,17,04,17,79,17,83,16,75,5,15M,-4,26%
24.01.2020,17,05,17,03,17,43,16,44,4,71M,0,07%
25.01.2020,16,96,17,07,17,11,16,61,4,87M,-0,55%
26.01.2020,17,46,16,96,17,52,16,82,5,91M,2,94%
27.01.2020,17,64,17,46,17,86,17,21,5,11M,1,05%
28.01.2020,17,99,17,64,18,13,17,46,6,03M,2,01%
29.01.2020,17,90,18,03,18,41,17,82,4,77M,-0,51%
30.01.2020,18,53,17,90,18,68,17,70,5,60M,3,54%
31.01.2020,18,20,18,53,18,83,17,82,5,40M,-1,79%
01.02.2020,18,24,18,22,18,58,18,04,5,52M,0,20%
02.02.2020,18,41,18,24,18,75,17,86,5,58M,0,95%
03.02.2020,18,46,18,41,18,84,18,19,4,90M,0,27%
04.02.2020,18,17,18,46,18,61,18,17,4,61M,-1,57%
05.02.2020,19,25,18,17,19,44,16,71,6,10M,5,94%
06.02.2020,20,62,19,25,20,78,19,03,7,50M,7,11%
07.02.2020,22,03,20,62,22,51,20,47,9,06M,6,83%
08.02.2020,21,76,22,03,22,16,20,91,7,00M,-1,21%
09.02.2020,24,28,21,76,24,34,21,02,9,15M,11,57%
10.02.2020,25,14,24,27,25,72,23,30,12,23M,3,57%
11.02.2020,25,68,25,14,25,77,24,15,9,66M,2,15%
12.02.2020,26,43,25,68,26,95,25,33,7,07M,2,92%
13.02.2020,25,53,26,43,27,20,24,66,6,65M,-3,41%
14.02.2020,26,32,25,48,26,55,25,04,6,46M,3,09%
15.02.2020,24,28,26,32,26,50,23,55,6,71M,-7,77%
16.02.2020,23,40,24,28,25,30,21,82,6,98M,-3,62%
17.02.2020,23,45,23,40,23,63,21,57,6,18M,0,22%
18.02.2020,24,04,23,46,24,50,22,80,5,86M,2,51%
19.02.2020,22,31,24,04,24,36,22,07,5,86M,-7,18%
20.02.2020,22,11,22,32,22,79,21,01,6,18M,-0,92%
21.02.2020,22,16,22,11,22,99,21,76,6,55M,0,23%
22.02.2020,22,03,22,18,22,35,21,50,5,69M,-0,59%
23.02.2020,22,81,22,10,23,13,21,90,7,43M,3,54%
24.02.2020,22,14,22,81,23,34,21,46,6,09M,-2,91%
25.02.2020,20,24,22,14,22,19,20,10,6,53M,-8,61%
26.02.2020,18,76,20,25,20,66,17,94,9,58M,-7,32%
27.02.2020,19,20,18,76,19,65,17,68,7,87M,2,39%
28.02.2020,18,96,19,20,19,73,17,90,11,36M,-1,29%
29.02.2020,19,28,19,00,20,36,18,67,15,68M,1,68%
01.03.2020,18,89,19,28,20,23,18,38,8,67M,-2,00%
02.03.2020,19,93,18,95,20,25,18,63,8,50M,5,52%
03.03.2020,19,63,19,94,20,35,19,27,6,65M,-1,53%
04.03.2020,19,98,19,71,20,25,19,52,5,96M,1,78%
05.03.2020,20,76,19,96,21,49,19,94,7,03M,3,90%
06.03.2020,21,37,20,76,21,76,20,67,7,11M,2,95%
07.03.2020,20,24,21,37,21,49,19,73,5,52M,-5,27%
08.03.2020,16,93,20,24,20,27,16,74,8,06M,-16,38%
09.03.2020,16,55,16,89,17,51,15,61,9,96M,-2,21%
10.03.2020,16,84,16,55,17,49,16,37,7,60M,1,74%
11.03.2020,16,54,16,84,17,14,15,43,6,00M,-1,78%
12.03.2020,9,25,16,54,16,66,8,98,18,29M,-44,08%
13.03.2020,10,96,9,25,11,45,6,50,24,31M,18,54%
14.03.2020,10,13,10,96,11,28,9,91,11,21M,-7,64%
15.03.2020,10,40,10,13,11,09,9,98,12,62M,2,74%
16.03.2020,9,42,10,40,10,41,8,47,13,27M,-9,41%
17.03.2020,10,29,9,42,10,49,9,34,10,60M,9,15%
18.03.2020,10,40,10,29,10,44,9,67,9,72M,1,12%
19.03.2020,12,30,10,40,12,69,10,25,12,93M,18,24%
20.03.2020,11,94,12,30,13,66,10,50,14,04M,-2,95%
21.03.2020,12,11,11,94,12,45,11,31,12,14M,1,46%
22.03.2020,11,16,12,11,12,48,11,05,10,86M,-7,84%
23.03.2020,12,19,11,15,12,49,10,84,10,85M,9,24%
24.03.2020,12,34,12,19,12,56,11,37,9,24M,1,24%
25.03.2020,12,34,12,35,12,70,11,61,7,60M,0,00%
26.03.2020,13,21,12,34,13,27,12,19,7,03M,7,02%
27.03.2020,12,33,13,21,13,37,12,24,6,38M,-6,64%
28.03.2020,12,18,12,34,12,38,11,65,6,11M,-1,21%
29.03.2020,11,30,12,20,12,29,11,30,5,36M,-7,25%
30.03.2020,12,16,11,30,12,40,11,26,8,22M,7,62%
31.03.2020,12,55,12,16,12,72,12,10,9,56M,3,21%
01.04.2020,12,71,12,55,12,74,11,98,8,57M,1,31%
02.04.2020,13,02,12,72,13,67,12,54,10,32M,2,45%
03.04.2020,13,36,13,03,13,58,12,91,9,59M,2,57%
04.04.2020,13,76,13,36,14,01,13,18,9,73M,2,99%
05.04.2020,13,69,13,76,13,96,13,41,9,29M,-0,52%
06.04.2020,15,19,13,69,15,22,13,63,10,71M,10,97%
07.04.2020,14,75,15,21,15,50,14,26,9,53M,-2,89%
08.04.2020,15,09,14,74,15,36,14,56,8,18M,2,34%
09.04.2020,15,01,15,10,15,22,14,69,9,52M,-0,55%
10.04.2020,13,72,15,01,15,07,13,49,8,57M,-8,61%
11.04.2020,13,81,13,72,14,12,13,54,7,74M,0,64%
12.04.2020,14,29,13,81,14,83,13,65,9,12M,3,48%
13.04.2020,15,04,14,28,15,10,13,65,8,99M,5,26%
14.04.2020,15,60,15,04,15,96,14,78,9,84M,3,72%
15.04.2020,14,57,15,60,15,92,14,50,8,79M,-6,59%
16.04.2020,15,63,14,57,15,75,12,96,9,27M,7,26%
17.04.2020,15,63,15,64,15,94,12,96,6,10M,0,00%
18.04.2020,16,62,15,63,16,83,12,85,9,24M,6,33%
19.04.2020,16,06,16,62,16,70,15,86,7,23M,-3,36%
20.04.2020,14,96,16,06,16,66,14,87,8,00M,-6,84%
21.04.2020,15,10,14,98,15,48,14,75,7,61M,0,92%
22.04.2020,15,70,15,10,15,84,14,91,8,33M,3,94%
23.04.2020,16,02,15,70,16,41,15,40,9,43M,2,03%
24.04.2020,15,91,16,02,16,34,15,70,7,75M,-0,63%
25.04.2020,16,22,15,91,16,46,15,72,6,32M,1,95%
26.04.2020,16,36,16,21,16,48,16,09,6,66M,0,84%
27.04.2020,16,49,16,36,16,66,16,07,7,52M,0,76%
28.04.2020,16,32,16,49,16,54,16,14,6,13M,-0,99%
29.04.2020,17,43,16,32,17,54,16,28,8,18M,6,80%
30.04.2020,17,00,17,44,18,20,16,49,8,82M,-2,47%
01.05.2020,17,44,17,00,17,90,16,91,7,22M,2,56%
02.05.2020,17,51,17,44,17,58,17,27,6,12M,0,43%
03.05.2020,17,11,17,52,17,81,16,86,5,64M,-2,32%
04.05.2020,17,02,17,11,17,30,16,31,5,97M,-0,48%
05.05.2020,16,86,17,02,17,31,16,58,5,69M,-0,97%
06.05.2020,16,37,16,86,17,14,16,34,5,72M,-2,89%
07.05.2020,17,00,16,37,17,24,16,20,6,91M,3,82%
08.05.2020,17,14,16,99,17,43,16,83,5,51M,0,85%
09.05.2020,16,81,17,14,17,49,16,81,6,06M,-1,94%
10.05.2020,15,28,16,81,16,81,14,03,9,58M,-9,08%
11.05.2020,15,12,15,28,15,56,14,05,8,35M,-1,03%
12.05.2020,15,76,15,09,16,23,14,21,7,37M,4,21%
13.05.2020,16,11,15,76,16,31,14,97,6,71M,2,25%
14.05.2020,16,39,16,12,16,64,15,28,7,31M,1,68%
15.05.2020,15,71,16,36,16,53,15,56,6,04M,-4,10%
16.05.2020,16,05,15,71,16,27,15,58,6,45M,2,16%
17.05.2020,16,29,16,05,16,51,16,00,5,49M,1,45%
18.05.2020,16,63,16,29,16,87,16,20,6,39M,2,13%
19.05.2020,17,20,16,63,17,23,16,31,6,67M,3,43%
20.05.2020,16,90,17,20,17,33,16,55,5,21M,-1,78%
21.05.2020,16,09,16,90,17,05,15,76,4,81M,-4,79%
22.05.2020,16,59,16,08,16,89,15,92,5,33M,3,16%
23.05.2020,16,47,16,59,16,84,16,33,4,93M,-0,74%
24.05.2020,16,01,16,47,16,79,16,01,4,92M,-2,83%
25.05.2020,16,38,15,98,16,40,15,87,5,08M,2,32%
26.05.2020,16,22,16,38,16,49,15,97,4,38M,-0,99%
27.05.2020,16,46,16,22,16,50,16,16,5,01M,1,51%
28.05.2020,17,08,16,46,17,14,16,39,5,32M,3,75%
29.05.2020,17,00,17,08,17,18,16,68,4,86M,-0,44%
30.05.2020,17,73,17,00,17,78,16,94,5,42M,4,28%
31.05.2020,17,11,17,73,18,16,16,87,4,77M,-3,51%
01.06.2020,17,92,17,10,18,08,16,99,5,28M,4,75%
02.06.2020,17,28,17,92,18,19,16,78,4,46M,-3,56%
03.06.2020,17,56,17,28,17,62,17,04,4,48M,1,58%
04.06.2020,17,52,17,56,17,67,17,08,3,99M,-0,22%
05.06.2020,17,70,17,52,17,89,17,45,4,21M,1,01%
06.06.2020,17,56,17,70,17,79,17,51,3,74M,-0,78%
07.06.2020,17,42,17,56,17,64,16,91,3,35M,-0,81%
08.06.2020,17,43,17,42,17,54,17,26,3,05M,0,07%
09.06.2020,17,37,17,43,17,51,17,12,3,02M,-0,33%
10.06.2020,17,39,17,37,17,57,17,25,3,29M,0,13%
11.06.2020,16,23,17,39,17,49,15,98,3,25M,-6,70%
12.06.2020,16,64,16,23,16,78,16,10,3,42M,2,54%
13.06.2020,16,81,16,64,16,81,16,49,3,57M,1,01%
14.06.2020,16,56,16,81,16,84,16,43,3,14M,-1,46%
15.06.2020,16,38,16,56,16,60,15,54,2,88M,-1,12%
16.06.2020,16,43,16,38,16,62,16,16,3,00M,0,31%
17.06.2020,16,40,16,43,16,62,16,01,2,66M,-0,19%
18.06.2020,16,15,16,40,16,53,15,91,2,48M,-1,47%
19.06.2020,15,98,16,15,16,28,15,91,2,32M,-1,10%
20.06.2020,16,06,15,97,16,09,15,72,2,42M,0,50%
21.06.2020,15,97,16,06,16,31,15,94,2,30M,-0,54%
22.06.2020,16,50,15,97,16,52,15,96,2,94M,3,33%
23.06.2020,16,39,16,50,16,54,16,27,2,48M,-0,68%
24.06.2020,16,00,16,39,16,64,15,98,2,49M,-2,37%
25.06.2020,15,91,16,00,16,08,15,51,2,08M,-0,58%
26.06.2020,15,77,15,91,15,99,15,58,2,05M,-0,89%
27.06.2020,15,13,15,77,15,87,14,85,2,55M,-4,05%
28.06.2020,15,39,15,13,15,49,14,93,2,93M,1,74%
29.06.2020,15,46,15,38,15,59,15,21,2,66M,0,45%
30.06.2020,15,40,15,46,15,54,15,25,2,18M,-0,38%
01.07.2020,15,81,15,40,15,88,15,34,2,58M,2,66%
02.07.2020,15,36,15,81,15,96,15,09,2,26M,-2,88%
03.07.2020,15,28,15,36,15,48,15,26,1,94M,-0,53%
04.07.2020,15,56,15,28,15,63,15,23,2,03M,1,84%
05.07.2020,15,50,15,56,15,61,15,16,1,83M,-0,34%
06.07.2020,16,30,15,51,16,33,15,44,2,47M,5,13%
07.07.2020,16,80,16,30,16,86,16,06,2,77M,3,06%
08.07.2020,17,26,16,80,17,45,16,62,3,23M,2,76%
09.07.2020,16,84,17,28,17,47,16,49,2,70M,-2,47%
10.07.2020,17,30,16,83,17,33,16,44,2,82M,2,76%
11.07.2020,17,62,17,30,17,68,17,03,3,13M,1,85%
12.07.2020,18,31,17,62,18,59,17,60,4,01M,3,89%
13.07.2020,18,42,18,31,18,99,17,73,4,28M,0,62%
14.07.2020,18,09,18,42,18,76,17,88,3,43M,-1,77%
15.07.2020,17,63,18,09,18,15,17,44,2,91M,-2,55%
16.07.2020,17,15,17,63,17,76,16,56,3,20M,-2,73%
17.07.2020,17,07,17,15,17,48,16,99,2,79M,-0,43%
18.07.2020,17,13,17,07,17,32,16,83,2,60M,0,36%
19.07.2020,18,01,17,13,18,10,16,90,3,75M,5,10%
20.07.2020,17,47,18,01,18,33,17,28,3,68M,-3,00%
21.07.2020,17,72,17,47,17,98,17,40,3,29M,1,44%
22.07.2020,18,10,17,72,18,11,17,46,3,39M,2,15%
23.07.2020,18,76,18,11,18,76,18,05,3,66M,3,63%
24.07.2020,19,18,18,76,19,54,18,24,4,12M,2,28%
25.07.2020,19,80,19,18,20,03,19,16,4,41M,3,20%
26.07.2020,19,55,19,80,20,25,19,34,4,23M,-1,23%
27.07.2020,19,79,19,55,20,18,18,45,5,59M,1,23%
28.07.2020,20,17,19,79,20,62,19,46,5,19M,1,87%
29.07.2020,19,84,19,84,19,85,19,80,3,43M,-1,61%
30.07.2020,19,98,19,84,20,09,19,56,3,18M,0,69%
31.07.2020,20,67,19,98,20,85,19,91,3,35M,3,44%
01.08.2020,21,62,20,67,21,75,20,58,3,86M,4,62%
02.08.2020,21,00,21,63,22,15,19,26,5,00M,-2,87%
03.08.2020,22,07,21,00,22,49,20,72,4,06M,5,07%
04.08.2020,22,30,22,07,22,44,21,52,3,65M,1,07%
05.08.2020,23,28,22,30,23,54,22,09,5,36M,4,39%
06.08.2020,22,75,23,27,23,29,22,53,3,64M,-2,30%
07.08.2020,22,33,22,75,23,00,21,50,4,14M,-1,80%
08.08.2020,22,92,22,34,22,92,21,86,3,37M,2,63%
09.08.2020,22,44,22,92,22,94,22,05,3,04M,-2,12%
10.08.2020,22,63,22,44,22,78,22,08,3,06M,0,84%
11.08.2020,21,27,22,63,22,72,20,70,4,55M,-6,01%
12.08.2020,21,50,21,27,21,97,20,60,3,57M,1,10%
13.08.2020,21,78,21,50,21,86,20,64,4,38M,1,28%
14.08.2020,23,11,21,78,23,29,21,27,5,34M,6,13%
15.08.2020,23,01,23,11,23,78,22,81,3,93M,-0,45%
16.08.2020,23,50,23,02,23,77,22,72,3,88M,2,15%
17.08.2020,23,50,23,50,23,92,23,00,3,63M,0,00%
18.08.2020,23,01,23,51,23,77,22,37,3,86M,-2,10%
19.08.2020,22,35,23,01,23,25,21,86,3,27M,-2,85%
20.08.2020,23,07,22,35,23,30,22,02,3,31M,3,20%
21.08.2020,22,06,23,07,23,33,21,63,3,85M,-4,36%
22.08.2020,22,20,22,09,22,26,21,29,3,00M,0,62%
23.08.2020,21,84,22,19,22,22,21,55,2,56M,-1,61%
24.08.2020,22,61,21,85,22,96,21,67,2,44M,3,49%
25.08.2020,21,39,22,61,22,63,20,99,3,53M,-5,36%
26.08.2020,22,20,21,39,22,48,21,28,3,85M,3,76%
27.08.2020,23,11,22,20,23,14,21,83,4,46M,4,09%
28.08.2020,23,07,23,10,23,57,22,62,3,87M,-0,16%
29.08.2020,22,94,23,07,23,50,22,75,2,89M,-0,54%
30.08.2020,23,63,22,94,23,83,22,91,3,13M,2,98%
31.08.2020,23,13,23,63,23,90,22,99,2,94M,-2,09%
01.09.2020,24,72,23,13,25,39,22,87,6,86M,6,87%
02.09.2020,24,70,24,72,25,81,23,23,8,96M,-0,08%
03.09.2020,20,33,24,70,25,54,20,18,10,46M,-17,69%
04.09.2020,20,95,20,33,21,83,19,42,8,41M,3,05%
05.09.2020,19,47,20,96,21,53,18,02,5,88M,-7,10%
06.09.2020,23,18,19,47,23,44,18,58,10,83M,19,08%
07.09.2020,22,45,23,18,23,55,20,13,7,46M,-3,17%
08.09.2020,23,24,22,45,23,41,21,30,7,72M,3,52%
09.09.2020,24,49,23,24,24,51,22,46,5,97M,5,38%
10.09.2020,24,53,24,49,25,54,24,10,6,22M,0,18%
11.09.2020,25,40,24,53,25,68,23,11,5,40M,3,55%
12.09.2020,28,50,25,40,28,52,25,39,9,43M,12,20%
13.09.2020,31,16,28,50,32,32,28,13,15,13M,9,31%
14.09.2020,31,10,31,14,33,35,29,05,12,31M,-0,18%
15.09.2020,27,11,31,14,31,14,26,75,10,69M,-12,83%
16.09.2020,27,83,27,12,28,43,25,94,7,79M,2,64%
17.09.2020,27,06,27,83,28,78,26,06,6,22M,-2,76%
18.09.2020,27,67,27,06,28,73,26,65,5,75M,2,26%
19.09.2020,27,20,27,66,27,95,26,66,3,36M,-1,70%
20.09.2020,26,37,27,20,27,31,25,14,3,94M,-3,06%
21.09.2020,23,03,26,32,26,65,22,32,7,10M,-12,64%
22.09.2020,24,03,23,03,24,55,22,75,4,43M,4,35%
23.09.2020,22,81,24,04,24,32,22,47,4,21M,-5,10%
24.09.2020,24,57,22,81,24,66,22,59,4,39M,7,74%
25.09.2020,24,68,24,57,25,06,23,78,3,80M,0,44%
26.09.2020,26,20,24,68,26,46,24,48,4,14M,6,14%
27.09.2020,26,23,26,18,26,87,25,54,3,43M,0,13%
28.09.2020,26,98,26,23,27,70,25,85,4,28M,2,87%
29.09.2020,28,81,26,99,28,99,26,90,4,80M,6,76%
30.09.2020,29,32,28,81,29,55,27,90,4,13M,1,79%
01.10.2020,27,48,29,27,29,38,26,26,5,34M,-6,28%
02.10.2020,27,30,27,45,28,16,25,71,5,51M,-0,66%
03.10.2020,28,18,27,31,28,38,27,08,3,90M,3,22%
04.10.2020,29,01,28,19,29,10,28,01,4,09M,2,97%
05.10.2020,28,59,29,01,29,25,28,10,3,05M,-1,46%
06.10.2020,27,70,28,58,28,98,27,26,3,78M,-3,12%
07.10.2020,27,70,27,69,27,90,26,84,2,81M,0,00%
08.10.2020,27,69,27,70,27,80,26,54,3,35M,0,00%
09.10.2020,28,38,27,69,28,51,27,48,3,47M,2,49%
10.10.2020,28,38,28,40,29,24,28,11,3,23M,0,00%
11.10.2020,28,52,28,41,28,72,27,91,3,21M,0,51%
12.10.2020,30,72,28,52,31,09,28,44,5,87M,7,71%
13.10.2020,30,72,30,66,31,78,30,21,4,54M,0,00%
14.10.2020,30,84,30,73,31,32,30,40,3,39M,0,39%
15.10.2020,31,31,30,84,31,65,30,43,3,67M,1,52%
16.10.2020,30,02,31,29,31,96,29,57,4,09M,-4,13%
17.10.2020,30,23,30,02,30,56,29,68,2,57M,0,71%
18.10.2020,30,66,30,22,31,01,30,17,3,10M,1,43%
19.10.2020,29,92,30,65,30,66,29,74,2,45M,-2,44%
20.10.2020,28,80,29,92,30,08,28,50,3,55M,-3,74%
21.10.2020,29,74,28,78,30,39,28,64,3,69M,3,28%
22.10.2020,30,65,29,74,31,29,29,71,3,87M,3,05%
23.10.2020,30,64,30,64,31,17,30,09,2,81M,-0,03%
24.10.2020,30,64,30,64,30,85,30,42,2,25M,0,02%
25.10.2020,30,15,30,63,30,96,29,90,2,12M,-1,60%
26.10.2020,31,04,30,15,31,39,29,96,3,65M,2,96%
27.10.2020,31,50,31,04,32,37,30,91,3,98M,1,48%
28.10.2020,30,33,31,49,31,93,29,81,3,11M,-3,71%
29.10.2020,29,86,30,33,30,42,29,49,2,76M,-1,55%
30.10.2020,28,49,29,87,30,25,27,58,4,41M,-4,60%
31.10.2020,28,51,28,49,28,88,28,13,2,77M,0,07%
01.11.2020,28,51,28,51,28,68,28,08,2,65M,0,00%
02.11.2020,27,80,28,52,29,30,27,80,2,95M,-2,50%
03.11.2020,26,87,27,80,27,80,25,84,3,63M,-3,33%
04.11.2020,26,94,26,88,26,96,25,95,3,01M,0,26%
05.11.2020,27,69,26,94,27,89,26,68,3,38M,2,77%
06.11.2020,29,06,27,69,29,44,27,68,3,83M,4,94%
07.11.2020,27,76,29,06,29,86,26,90,4,36M,-4,46%
08.11.2020,28,38,27,76,28,70,27,46,3,21M,2,24%
09.11.2020,28,09,28,38,28,94,27,36,3,05M,-1,05%
10.11.2020,28,19,28,09,28,48,27,67,3,00M,0,38%
11.11.2020,27,99,28,21,28,58,27,83,2,66M,-0,72%
12.11.2020,27,71,28,00,28,15,27,31,2,30M,-1,02%
13.11.2020,28,19,27,71,28,51,27,52,2,65M,1,75%
14.11.2020,27,91,28,21,28,21,27,39,2,10M,-0,98%
15.11.2020,27,66,27,92,28,22,27,08,2,04M,-0,90%
16.11.2020,27,96,27,67,28,21,27,45,2,36M,1,08%
17.11.2020,28,56,27,95,28,75,27,93,3,06M,2,12%
18.11.2020,28,07,28,55,28,77,27,51,3,08M,-1,70%
19.11.2020,28,10,28,07,28,35,27,62,2,77M,0,10%
20.11.2020,28,96,28,12,29,30,28,08,3,35M,3,05%
21.11.2020,30,50,28,96,30,79,28,33,4,24M,5,31%
22.11.2020,30,04,30,49,31,12,29,00,3,92M,-1,50%
23.11.2020,30,98,30,04,31,06,29,80,3,94M,3,14%
24.11.2020,33,91,32,33,35,13,31,59,9,72M,9,46%
25.11.2020,31,29,33,93,35,38,30,54,6,28M,-7,74%
26.11.2020,28,22,31,28,31,76,26,45,8,78M,-9,80%
27.11.2020,28,44,28,22,28,71,27,23,3,26M,0,78%
28.11.2020,29,16,28,46,29,61,27,92,3,54M,2,52%
29.11.2020,30,09,29,15,30,45,28,92,3,78M,3,18%
30.11.2020,31,49,30,10,31,59,29,72,3,82M,4,67%
01.12.2020,30,21,31,42,31,88,29,23,4,15M,-4,08%
02.12.2020,30,30,30,08,30,99,29,61,2,93M,0,30%
03.12.2020,30,70,30,30,30,79,29,89,2,43M,1,33%
04.12.2020,29,03,30,68,31,19,28,81,2,67M,-5,44%
05.12.2020,29,73,29,02,30,04,28,65,2,34M,2,41%
06.12.2020,29,56,29,73,30,17,29,01,1,72M,-0,57%
07.12.2020,29,37,29,49,29,65,29,00,1,64M,-0,66%
08.12.2020,27,68,29,36,29,52,27,47,2,86M,-5,76%
09.12.2020,28,14,27,63,28,42,26,94,2,51M,1,67%
10.12.2020,27,66,28,15,28,25,27,45,1,74M,-1,71%
11.12.2020,27,33,27,73,27,79,26,73,1,70M,-1,19%
12.12.2020,28,14,27,34,28,23,27,28,1,75M,2,98%
13.12.2020,29,14,28,17,29,26,28,02,2,18M,3,53%
14.12.2020,30,03,29,14,30,18,28,66,2,68M,3,05%
15.12.2020,29,51,30,03,30,35,29,33,2,61M,-1,71%
16.12.2020,30,56,29,51,30,62,29,04,3,09M,3,54%
17.12.2020,30,22,30,56,31,51,29,76,4,49M,-1,09%
18.12.2020,30,96,30,22,31,21,29,69,2,87M,2,43%
19.12.2020,33,30,30,96,34,21,30,91,5,31M,7,56%
20.12.2020,34,27,33,30,35,63,32,61,5,83M,2,92%
21.12.2020,32,15,34,27,35,60,31,53,6,15M,-6,18%
22.12.2020,33,52,32,14,33,77,30,50,5,01M,4,24%
23.12.2020,31,19,33,52,34,43,30,03,5,45M,-6,94%
24.12.2020,32,51,31,19,32,74,30,40,3,93M,4,22%
25.12.2020,33,18,32,51,33,48,31,80,3,35M,2,06%
26.12.2020,33,59,33,18,34,00,32,57,3,17M,1,23%
27.12.2020,33,68,33,60,34,97,31,97,4,90M,0,26%
28.12.2020,35,94,33,64,36,09,33,35,5,58M,6,72%
29.12.2020,39,10,35,94,39,70,35,31,9,68M,8,80%
30.12.2020,38,10,39,14,39,21,36,84,3,38M,-2,56%
31.12.2020,37,34,38,10,38,19,36,73,2,57M,-2,01%
01.01.2021,37,72,37,33,38,93,36,98,3,24M,1,04%
02.01.2021,38,23,37,73,38,46,36,81,3,94M,1,35%
03.01.2021,41,22,38,24,41,64,37,78,6,34M,7,81%
04.01.2021,41,10,41,25,43,21,38,09,6,87M,-0,29%
05.01.2021,41,79,41,12,41,79,38,86,4,88M,1,68%
06.01.2021,42,19,41,79,42,19,40,50,5,24M,0,95%
07.01.2021,43,64,42,22,44,47,41,41,6,79M,3,45%
08.01.2021,42,33,43,62,43,65,40,34,4,69M,-3,01%
09.01.2021,43,83,42,33,44,02,41,51,3,56M,3,55%
10.01.2021,42,43,43,84,45,12,40,14,5,55M,-3,19%
11.01.2021,38,26,42,42,42,44,35,10,8,52M,-9,84%
12.01.2021,38,25,38,16,40,01,37,13,4,38M,0,00%
13.01.2021,40,12,38,24,40,42,37,05,3,91M,4,89%
14.01.2021,41,88,40,12,41,93,39,65,3,59M,4,39%
15.01.2021,40,91,41,88,42,54,38,87,3,77M,-2,31%
16.01.2021,43,10,40,92,44,10,40,68,3,56M,5,35%
17.01.2021,45,78,43,10,46,69,40,94,4,26M,6,21%
18.01.2021,45,35,45,91,46,88,44,07,3,37M,-0,93%
19.01.2021,42,62,45,36,47,19,41,75,5,77M,-6,02%
20.01.2021,42,57,42,60,42,76,40,29,4,23M,-0,13%
21.01.2021,38,68,42,57,42,63,38,37,3,88M,-9,14%
22.01.2021,40,87,38,69,41,35,36,92,3,47M,5,66%
23.01.2021,40,92,40,87,41,83,39,50,2,79M,0,11%
24.01.2021,41,82,40,92,42,20,40,36,2,59M,2,22%
25.01.2021,41,78,41,82,43,38,40,57,3,14M,-0,11%
26.01.2021,41,74,41,78,42,51,39,87,3,24M,-0,10%
27.01.2021,40,99,41,74,42,05,39,67,2,93M,-1,80%
28.01.2021,42,47,40,97,43,08,40,36,3,35M,3,63%
29.01.2021,42,87,42,48,44,00,41,84,3,91M,0,93%
30.01.2021,44,76,42,88,45,09,42,60,3,24M,4,40%
31.01.2021,44,27,44,77,45,78,43,35,2,92M,-1,08%
01.02.2021,51,42,44,31,52,32,43,43,7,97M,16,13%
02.02.2021,50,99,51,42,52,99,49,26,5,78M,-0,82%
03.02.2021,52,13,50,99,52,56,49,82,3,41M,2,24%
04.02.2021,55,66,52,15,56,65,51,46,4,52M,6,76%
05.02.2021,67,75,55,66,68,72,55,66,5,75M,21,74%
06.02.2021,72,58,67,74,75,43,61,96,8,97M,7,12%
07.02.2021,68,40,72,86,74,62,64,35,6,25M,-5,76%
08.02.2021,79,71,68,41,79,75,67,72,8,52M,16,53%
09.02.2021,107,60,79,73,115,33,78,23,13,65M,35,00%
10.02.2021,128,72,107,61,148,27,107,61,18,37M,19,62%
11.02.2021,124,03,128,73,132,76,118,07,6,54M,-3,64%
12.02.2021,136,52,124,03,140,93,121,10,6,22M,10,07%
13.02.2021,133,07,136,64,138,47,125,07,4,20M,-2,52%
14.02.2021,135,98,133,09,138,78,128,53,4,90M,2,18%
15.02.2021,129,98,135,97,142,07,118,64,5,26M,-4,41%
16.02.2021,130,09,129,99,133,43,126,34,3,57M,0,08%
17.02.2021,165,38,130,09,175,33,126,91,10,82M,27,13%
18.02.2021,195,74,165,38,199,66,163,11,11,91M,18,36%
19.02.2021,332,74,195,74,346,82,195,07,21,23M,69,99%
20.02.2021,254,36,332,74,334,15,223,93,14,42M,-23,56%
21.02.2021,293,76,254,33,308,54,249,64,11,49M,15,49%
22.02.2021,267,43,293,77,295,15,222,44,13,34M,-8,97%
23.02.2021,231,72,267,42,268,69,188,71,16,50M,-13,35%
24.02.2021,254,26,231,71,280,66,213,89,12,30M,9,73%
25.02.2021,233,70,254,26,264,46,232,19,7,22M,-8,09%
26.02.2021,222,08,233,70,238,71,209,98,7,82M,-4,97%
27.02.2021,225,07,222,08,237,70,219,32,4,46M,1,35%
28.02.2021,210,04,225,54,228,47,195,22,6,00M,-6,68%
01.03.2021,254,72,210,04,259,51,209,51,8,32M,21,27%
02.03.2021,239,46,254,73,264,41,227,61,5,71M,-5,99%
03.03.2021,240,85,239,48,254,37,236,51,4,51M,0,58%
04.03.2021,229,70,240,62,249,66,225,65,4,24M,-4,63%
05.03.2021,225,63,229,69,230,91,215,91,3,90M,-1,77%
06.03.2021,226,26,225,64,232,25,219,73,2,84M,0,28%
07.03.2021,240,02,226,26,243,72,225,20,3,71M,6,08%
08.03.2021,240,59,240,03,242,78,229,09,3,21M,0,24%
09.03.2021,292,99,240,59,297,08,235,87,8,18M,21,78%
10.03.2021,278,15,293,00,295,31,268,74,6,32M,-5,07%
11.03.2021,290,07,278,15,314,44,272,98,6,91M,4,29%
12.03.2021,263,42,290,07,290,22,251,44,6,19M,-9,19%
13.03.2021,275,89,263,42,283,56,255,95,4,11M,4,73%
14.03.2021,264,25,275,89,276,77,264,25,2,58M,-4,22%
15.03.2021,254,22,264,21,267,59,250,05,3,54M,-3,79%
16.03.2021,258,28,254,24,259,13,241,44,3,19M,1,60%
17.03.2021,269,86,258,29,271,04,249,02,3,02M,4,48%
18.03.2021,261,09,269,85,277,73,257,70,3,33M,-3,25%
19.03.2021,263,15,261,28,269,00,255,39,2,41M,0,79%
20.03.2021,264,10,263,14,274,49,261,65,2,52M,0,36%
21.03.2021,264,74,264,39,267,92,257,12,2,12M,0,24%
22.03.2021,255,03,264,74,276,81,253,43,3,44M,-3,67%
23.03.2021,255,43,254,85,262,75,252,27,2,82M,0,16%
24.03.2021,248,59,255,45,268,60,240,41,3,50M,-2,68%
25.03.2021,234,25,248,60,249,72,225,90,3,74M,-5,77%
26.03.2021,254,99,233,96,255,09,233,95,2,79M,8,85%
27.03.2021,269,32,254,99,275,91,249,86,3,29M,5,62%
28.03.2021,268,87,269,31,281,24,261,24,3,50M,-0,17%
29.03.2021,275,12,268,87,277,49,264,92,2,90M,2,32%
30.03.2021,311,41,275,12,311,41,271,30,5,78M,13,19%
31.03.2021,302,18,311,41,316,44,287,24,4,95M,-2,96%
01.04.2021,334,33,302,19,339,00,300,79,4,61M,10,64%